# Host: 127.0.0.1  (Version 5.7.18-log)
# Date: 2018-02-27 18:33:53
# Generator: MySQL-Front 6.0  (Build 2.20)


#
# Structure for table "core_groups"
#

DROP TABLE IF EXISTS `core_groups`;
CREATE TABLE `core_groups` (
  `Id` int(11) NOT NULL AUTO_INCREMENT,
  `parent_group_id` int(11) DEFAULT NULL,
  `root_chain` varchar(255) DEFAULT NULL,
  PRIMARY KEY (`Id`),
  KEY `parent_group_id` (`parent_group_id`),
  CONSTRAINT `core_groups_ibfk_2` FOREIGN KEY (`parent_group_id`) REFERENCES `core_groups` (`Id`) ON DELETE CASCADE ON UPDATE CASCADE
) ENGINE=InnoDB AUTO_INCREMENT=1422 DEFAULT CHARSET=utf8;

#
# Data for table "core_groups"
#

INSERT INTO `core_groups` VALUES (1121,NULL,NULL),(1122,1121,'1121'),(1123,1121,'1121'),(1124,1121,'1121'),(1125,1121,'1121'),(1126,1121,'1121'),(1127,1121,'1121'),(1128,1121,'1121'),(1129,1121,'1121'),(1130,1121,'1121'),(1131,1121,'1121'),(1132,1121,'1121'),(1133,1121,'1121'),(1134,1121,'1121'),(1135,1121,'1121'),(1136,1121,'1121'),(1137,1121,'1121'),(1138,1121,'1121'),(1139,1121,'1121'),(1140,1121,'1121'),(1141,1121,'1121'),(1142,1121,'1121'),(1143,1121,'1121'),(1144,1121,'1121'),(1145,1121,'1121'),(1146,1121,'1121'),(1147,1121,'1121'),(1148,1121,'1121'),(1149,1121,'1121'),(1150,1121,'1121'),(1151,1121,'1121'),(1152,1121,'1121'),(1153,1121,'1121'),(1154,1121,'1121'),(1155,1121,'1121'),(1156,1121,'1121'),(1157,1121,'1121'),(1158,1121,'1121'),(1159,1121,'1121'),(1160,1121,'1121'),(1161,1121,'1121'),(1162,1121,'1121'),(1163,1121,'1121'),(1164,1121,'1121'),(1165,1121,'1121'),(1166,1121,'1121'),(1167,1121,'1121'),(1168,1121,'1121'),(1169,1121,'1121'),(1170,1121,'1121'),(1171,1121,'1121'),(1172,1121,'1121'),(1173,1121,'1121'),(1174,1121,'1121'),(1175,1121,'1121'),(1176,1121,'1121'),(1177,1121,'1121'),(1178,1121,'1121'),(1179,1121,'1121'),(1180,1121,'1121'),(1181,1121,'1121'),(1182,1121,'1121'),(1183,1121,'1121'),(1184,1121,'1121'),(1185,1121,'1121'),(1186,1121,'1121'),(1187,1121,'1121'),(1188,1121,'1121'),(1189,1121,'1121'),(1190,1121,'1121'),(1191,1121,'1121'),(1192,1121,'1121'),(1193,1121,'1121'),(1194,1121,'1121'),(1195,1121,'1121'),(1196,1121,'1121'),(1197,1121,'1121'),(1198,1121,'1121'),(1199,1121,'1121'),(1200,1121,'1121'),(1201,1121,'1121'),(1202,1121,'1121'),(1203,1121,'1121'),(1204,1121,'1121'),(1205,1121,'1121'),(1206,1121,'1121'),(1207,1121,'1121'),(1208,1121,'1121'),(1209,1121,'1121'),(1210,1121,'1121'),(1211,1121,'1121'),(1212,1121,'1121'),(1213,1121,'1121'),(1214,1121,'1121'),(1215,1121,'1121'),(1216,1121,'1121'),(1217,1121,'1121'),(1218,1121,'1121'),(1219,1121,'1121'),(1220,1121,'1121'),(1221,1121,'1121'),(1222,1121,'1121'),(1223,1121,'1121'),(1224,1121,'1121'),(1225,1121,'1121'),(1226,1121,'1121'),(1227,1121,'1121'),(1228,1121,'1121'),(1229,1121,'1121'),(1230,1121,'1121'),(1231,1121,'1121'),(1232,1121,'1121'),(1233,1121,'1121'),(1234,1121,'1121'),(1235,1121,'1121'),(1236,1121,'1121'),(1237,1121,'1121'),(1238,1121,'1121'),(1239,1121,'1121'),(1240,1121,'1121'),(1241,1121,'1121'),(1242,1121,'1121'),(1243,1121,'1121'),(1244,1121,'1121'),(1245,1121,'1121'),(1246,1121,'1121'),(1247,1121,'1121'),(1248,1121,'1121'),(1249,1121,'1121'),(1250,1121,'1121'),(1251,1121,'1121'),(1252,1121,'1121'),(1253,1121,'1121'),(1254,1121,'1121'),(1255,1121,'1121'),(1256,1121,'1121'),(1257,1121,'1121'),(1258,1121,'1121'),(1259,1121,'1121'),(1260,1121,'1121'),(1261,1121,'1121'),(1262,1121,'1121'),(1263,1121,'1121'),(1264,1121,'1121'),(1265,1121,'1121'),(1266,1121,'1121'),(1267,1121,'1121'),(1268,1121,'1121'),(1269,1121,'1121'),(1270,1121,'1121'),(1271,1121,'1121'),(1272,1121,'1121'),(1273,1121,'1121'),(1274,1121,'1121'),(1275,1121,'1121'),(1276,1121,'1121'),(1277,1121,'1121'),(1278,1121,'1121'),(1279,1121,'1121'),(1280,1121,'1121'),(1281,1121,'1121'),(1282,1121,'1121'),(1283,1121,'1121'),(1284,1121,'1121'),(1285,1121,'1121'),(1286,1121,'1121'),(1287,1121,'1121'),(1288,1121,'1121'),(1289,1121,'1121'),(1290,1121,'1121'),(1291,1121,'1121'),(1292,1121,'1121'),(1293,1121,'1121'),(1294,1121,'1121'),(1295,1121,'1121'),(1296,1121,'1121'),(1297,1121,'1121'),(1298,1121,'1121'),(1299,1121,'1121'),(1300,1121,'1121'),(1301,1121,'1121'),(1302,1121,'1121'),(1303,1121,'1121'),(1304,1121,'1121'),(1305,1121,'1121'),(1306,1121,'1121'),(1307,1121,'1121'),(1308,1121,'1121'),(1309,1121,'1121'),(1310,1121,'1121'),(1311,1121,'1121'),(1312,1121,'1121'),(1313,1121,'1121'),(1314,1121,'1121'),(1315,1121,'1121'),(1316,1121,'1121'),(1317,1121,'1121'),(1318,1121,'1121'),(1319,1121,'1121'),(1320,1121,'1121'),(1321,1121,'1121'),(1322,1121,'1121'),(1323,1121,'1121'),(1324,1121,'1121'),(1325,1121,'1121'),(1326,1121,'1121'),(1327,1121,'1121'),(1328,1121,'1121'),(1329,1121,'1121'),(1330,1121,'1121'),(1331,1121,'1121'),(1332,1121,'1121'),(1333,1121,'1121'),(1334,1121,'1121'),(1335,1121,'1121'),(1336,1121,'1121'),(1337,1121,'1121'),(1338,1121,'1121'),(1339,1121,'1121'),(1340,1121,'1121'),(1341,1121,'1121'),(1342,1121,'1121'),(1343,1121,'1121'),(1344,1121,'1121'),(1345,1121,'1121'),(1346,1121,'1121'),(1347,1121,'1121'),(1348,1121,'1121'),(1349,1121,'1121'),(1350,1121,'1121'),(1351,1121,'1121'),(1352,1121,'1121'),(1353,1121,'1121'),(1354,1122,'1121;1122'),(1355,1354,'1121;1122;1354'),(1356,1355,'1121;1122;1354;1355'),(1357,1356,'1121;1122;1354;1355;1356'),(1358,1356,'1121;1122;1354;1355;1356'),(1359,1356,'1121;1122;1354;1355;1356'),(1360,1356,'1121;1122;1354;1355;1356'),(1361,1356,'1121;1122;1354;1355;1356'),(1362,1356,'1121;1122;1354;1355;1356'),(1363,1356,'1121;1122;1354;1355;1356'),(1364,1356,'1121;1122;1354;1355;1356'),(1365,1356,'1121;1122;1354;1355;1356'),(1366,1356,'1121;1122;1354;1355;1356'),(1367,1356,'1121;1122;1354;1355;1356'),(1368,1356,'1121;1122;1354;1355;1356'),(1369,1356,'1121;1122;1354;1355;1356'),(1370,1356,'1121;1122;1354;1355;1356'),(1371,1356,'1121;1122;1354;1355;1356'),(1372,1356,'1121;1122;1354;1355;1356'),(1373,1356,'1121;1122;1354;1355;1356'),(1374,1356,'1121;1122;1354;1355;1356'),(1375,1356,'1121;1122;1354;1355;1356'),(1376,1356,'1121;1122;1354;1355;1356'),(1377,1356,'1121;1122;1354;1355;1356'),(1378,1356,'1121;1122;1354;1355;1356'),(1379,1356,'1121;1122;1354;1355;1356'),(1380,1356,'1121;1122;1354;1355;1356'),(1381,1356,'1121;1122;1354;1355;1356'),(1382,1356,'1121;1122;1354;1355;1356'),(1383,1356,'1121;1122;1354;1355;1356'),(1384,1356,'1121;1122;1354;1355;1356'),(1385,1356,'1121;1122;1354;1355;1356'),(1386,1356,'1121;1122;1354;1355;1356'),(1387,1357,'1121;1122;1354;1355;1356;1357'),(1388,1358,'1121;1122;1354;1355;1356;1358'),(1389,1359,'1121;1122;1354;1355;1356;1359'),(1390,1360,'1121;1122;1354;1355;1356;1360'),(1391,1361,'1121;1122;1354;1355;1356;1361'),(1392,1362,'1121;1122;1354;1355;1356;1362'),(1393,1363,'1121;1122;1354;1355;1356;1363'),(1394,1364,'1121;1122;1354;1355;1356;1364'),(1395,1365,'1121;1122;1354;1355;1356;1365'),(1396,1366,'1121;1122;1354;1355;1356;1366'),(1397,1367,'1121;1122;1354;1355;1356;1367'),(1398,1368,'1121;1122;1354;1355;1356;1368'),(1399,1369,'1121;1122;1354;1355;1356;1369'),(1400,1370,'1121;1122;1354;1355;1356;1370'),(1401,1371,'1121;1122;1354;1355;1356;1371'),(1402,1372,'1121;1122;1354;1355;1356;1372'),(1403,1373,'1121;1122;1354;1355;1356;1373'),(1404,1374,'1121;1122;1354;1355;1356;1374'),(1405,1375,'1121;1122;1354;1355;1356;1375'),(1406,1376,'1121;1122;1354;1355;1356;1376'),(1407,1377,'1121;1122;1354;1355;1356;1377'),(1408,1378,'1121;1122;1354;1355;1356;1378'),(1409,1379,'1121;1122;1354;1355;1356;1379'),(1410,1380,'1121;1122;1354;1355;1356;1380'),(1411,1381,'1121;1122;1354;1355;1356;1381'),(1412,1382,'1121;1122;1354;1355;1356;1382'),(1413,1383,'1121;1122;1354;1355;1356;1383'),(1414,1384,'1121;1122;1354;1355;1356;1384'),(1415,1385,'1121;1122;1354;1355;1356;1385'),(1416,1386,'1121;1122;1354;1355;1356;1386'),(1417,1123,'1121;1123'),(1418,1417,'1121;1123;1417'),(1419,1418,'1121;1123;1417;1418'),(1420,1124,'1121;1124'),(1421,1420,'1121;1124;1420');

#
# Structure for table "core_jobs"
#

DROP TABLE IF EXISTS `core_jobs`;
CREATE TABLE `core_jobs` (
  `Id` int(11) NOT NULL AUTO_INCREMENT,
  `caption` varchar(255) NOT NULL DEFAULT '',
  `zero_link` text NOT NULL,
  PRIMARY KEY (`Id`)
) ENGINE=InnoDB AUTO_INCREMENT=2 DEFAULT CHARSET=utf8;

#
# Data for table "core_jobs"
#

INSERT INTO `core_jobs` VALUES (1,'TripAdvisor.com','https://www.tripadvisor.ru/SiteIndex');

#
# Structure for table "core_link_handled_types"
#

DROP TABLE IF EXISTS `core_link_handled_types`;
CREATE TABLE `core_link_handled_types` (
  `Id` int(11) NOT NULL AUTO_INCREMENT,
  `handled_type` varchar(100) NOT NULL DEFAULT '',
  PRIMARY KEY (`Id`)
) ENGINE=InnoDB AUTO_INCREMENT=5 DEFAULT CHARSET=utf8;

#
# Data for table "core_link_handled_types"
#

INSERT INTO `core_link_handled_types` VALUES (1,'new link'),(2,'in handling'),(3,'success handled'),(4,'error handled');

#
# Structure for table "core_links"
#

DROP TABLE IF EXISTS `core_links`;
CREATE TABLE `core_links` (
  `Id` int(11) NOT NULL AUTO_INCREMENT,
  `job_id` int(11) NOT NULL DEFAULT '0',
  `level` int(11) DEFAULT '0',
  `owner_group_id` int(11) DEFAULT NULL,
  `body_group_id` int(11) DEFAULT NULL,
  `url` text NOT NULL,
  `handled_type_id` int(11) NOT NULL DEFAULT '1',
  `hash` varchar(255) NOT NULL DEFAULT '',
  PRIMARY KEY (`Id`),
  UNIQUE KEY `hash_job_id` (`job_id`,`hash`),
  KEY `handle_type_id` (`handled_type_id`),
  KEY `body_group_id` (`body_group_id`),
  KEY `owner_group_id` (`owner_group_id`),
  KEY `level_job_id` (`job_id`,`level`),
  CONSTRAINT `core_links_ibfk_1` FOREIGN KEY (`job_id`) REFERENCES `core_jobs` (`Id`) ON DELETE CASCADE ON UPDATE CASCADE,
  CONSTRAINT `core_links_ibfk_2` FOREIGN KEY (`handled_type_id`) REFERENCES `core_link_handled_types` (`Id`),
  CONSTRAINT `core_links_ibfk_3` FOREIGN KEY (`owner_group_id`) REFERENCES `core_groups` (`Id`) ON DELETE CASCADE ON UPDATE CASCADE,
  CONSTRAINT `core_links_ibfk_4` FOREIGN KEY (`body_group_id`) REFERENCES `core_groups` (`Id`) ON DELETE SET NULL ON UPDATE SET NULL
) ENGINE=InnoDB AUTO_INCREMENT=987 DEFAULT CHARSET=utf8;

#
# Data for table "core_links"
#

INSERT INTO `core_links` VALUES (721,1,NULL,NULL,1121,'https://www.tripadvisor.ru/SiteIndex',3,'259e648a0b263a265c02b31b0d9afa4b'),(722,1,1,1122,1354,'https://www.tripadvisor.ru/SiteIndex-g1778095-Aboa.html',3,'eced66c97d52e7f8c3c4d0dd16a46a58'),(723,1,1,1123,1417,'https://www.tripadvisor.ru/SiteIndex-g1023749-South_Georgia_and_the_South_Sandwich_Islands.html',3,'6b685a2db7a6f512ae3ab44172a6fad9'),(724,1,1,1124,1420,'https://www.tripadvisor.ru/SiteIndex-g255055-Australia.html',3,'97a8cc44b1a63e752d0b38b38e5e33f0'),(725,1,1,1125,NULL,'https://www.tripadvisor.ru/SiteIndex-g190410-Austria.html',1,'d20f9ed058b087b0fc73a20994a5accb'),(726,1,1,1126,NULL,'https://www.tripadvisor.ru/SiteIndex-g293933-Azerbaijan.html',1,'00ce9a7e6909431310fcdfa50e129068'),(727,1,1,1127,NULL,'https://www.tripadvisor.ru/SiteIndex-g2-Asia.html',1,'6369966f8d469d71a6de82d5da82ac21'),(728,1,1,1128,NULL,'https://www.tripadvisor.ru/SiteIndex-g294445-Albania.html',1,'5c5810ba92114a6ec89dc0827537fc85'),(729,1,1,1129,NULL,'https://www.tripadvisor.ru/SiteIndex-g293717-Algeria.html',1,'c73fbfa382924631ff0aade0db4f2215'),(730,1,1,1130,NULL,'https://www.tripadvisor.ru/SiteIndex-g60665-American_Samoa.html',1,'d005abeccb2c045f87caee57a7a9eee6'),(731,1,1,1131,NULL,'https://www.tripadvisor.ru/SiteIndex-g293762-Angola.html',1,'764ddea38e002487c0691b4dfbb4a1b2'),(732,1,1,1132,NULL,'https://www.tripadvisor.ru/SiteIndex-g190391-Andorra.html',1,'15e975c90ec8e6cef4010d3d3671c2bb'),(733,1,1,1133,NULL,'https://www.tripadvisor.ru/SiteIndex-g12-Antarctica.html',1,'4e66b9a62157548ba049b1d582d4bb44'),(734,1,1,1134,NULL,'https://www.tripadvisor.ru/SiteIndex-g660183-Antarctic_Peninsula.html',1,'be44ad2c80f7f80ccbda5ab07119a761'),(735,1,1,1135,NULL,'https://www.tripadvisor.ru/SiteIndex-g294266-Argentina.html',1,'be6a642ab5a248db1773115537c75e09'),(736,1,1,1136,NULL,'https://www.tripadvisor.ru/SiteIndex-g293931-Armenia.html',1,'388525cdd2e6646369c7e586da5ca2ba'),(737,1,1,1137,NULL,'https://www.tripadvisor.ru/SiteIndex-g60666-Johnston_Atoll.html',1,'ccd46052f13d51ebf5485d81e2f32b2e'),(738,1,1,1138,NULL,'https://www.tripadvisor.ru/SiteIndex-g659499-Afghanistan.html',1,'309428cef726b04ac2415f748ab06d8c'),(739,1,1,1139,NULL,'https://www.tripadvisor.ru/SiteIndex-g6-Africa.html',1,'7be1ef063b73fd1b5befebd15fe7337f'),(740,1,1,1140,NULL,'https://www.tripadvisor.ru/SiteIndex-g293935-Bangladesh.html',1,'a3d66b76a84f99c2627e0f187a53b96c'),(741,1,1,1141,NULL,'https://www.tripadvisor.ru/SiteIndex-g293996-Bahrain.html',1,'1d02d8e4270619a3ac525ffddc7b3c16'),(742,1,1,1142,NULL,'https://www.tripadvisor.ru/SiteIndex-g294447-Belarus.html',1,'c5ac82bd1f92345a1b0ca0cb821e4875'),(743,1,1,1143,NULL,'https://www.tripadvisor.ru/SiteIndex-g291959-Belize.html',1,'c1981fffe1f4684bcc541487281ea371'),(744,1,1,1144,NULL,'https://www.tripadvisor.ru/SiteIndex-g188634-Belgium.html',1,'09dda4858ba6fbea5612bd7bd3a03fac'),(745,1,1,1145,NULL,'https://www.tripadvisor.ru/SiteIndex-g293764-Benin.html',1,'1a81778912be516dae5134a7617c66d3'),(746,1,1,1146,NULL,'https://www.tripadvisor.ru/SiteIndex-g21-Middle_East.html',1,'50bdf90ef69214a8e9b5d3f19c0b3abb'),(747,1,1,1147,NULL,'https://www.tripadvisor.ru/SiteIndex-g294451-Bulgaria.html',1,'e46d8ee503f675181ea9f4e600d00d73'),(748,1,1,1148,NULL,'https://www.tripadvisor.ru/SiteIndex-g294071-Bolivia.html',1,'29476a557a6bd350127724817a8a723a'),(749,1,1,1149,NULL,'https://www.tripadvisor.ru/SiteIndex-g294449-Bosnia_and_Herzegovina.html',1,'39d05e4b370281e9e4c1fbbf46cbd516'),(750,1,1,1150,NULL,'https://www.tripadvisor.ru/SiteIndex-g293766-Botswana.html',1,'dd23663806c52d2f55ee8549d88b876b'),(751,1,1,1151,NULL,'https://www.tripadvisor.ru/SiteIndex-g294280-Brazil.html',1,'ec0af71a8f4c0407fc731f263ae45e2c'),(752,1,1,1152,NULL,'https://www.tripadvisor.ru/SiteIndex-g670819-Indian_Ocean.html',1,'57c3846d67c4f51bf5f3c91658a11b7f'),(753,1,1,1153,NULL,'https://www.tripadvisor.ru/SiteIndex-g293937-Brunei_Darussalam.html',1,'20ee35007c2c8b3461a7de9c75de99fb'),(754,1,1,1154,NULL,'https://www.tripadvisor.ru/SiteIndex-g293768-Burkina_Faso.html',1,'9821845bd4cc55d887fa63005c6efd42'),(755,1,1,1155,NULL,'https://www.tripadvisor.ru/SiteIndex-g293770-Burundi.html',1,'f37f4a1c8399a36b044203cc526b86d2'),(756,1,1,1156,NULL,'https://www.tripadvisor.ru/SiteIndex-g293844-Bhutan.html',1,'adeed2bc34406036c4f8702011d1ccdc'),(757,1,1,1157,NULL,'https://www.tripadvisor.ru/SiteIndex-g294143-Vanuatu.html',1,'9d09531184ac6cc669b640bdb21f5931'),(758,1,1,1158,NULL,'https://www.tripadvisor.ru/SiteIndex-g186216-United_Kingdom.html',1,'cb27eb134c8f1b036d324c3c6293bc97'),(759,1,1,1159,NULL,'https://www.tripadvisor.ru/SiteIndex-g274881-Hungary.html',1,'8b1e34138355ae05092491ddf7649aba'),(760,1,1,1160,NULL,'https://www.tripadvisor.ru/SiteIndex-g294324-Venezuela.html',1,'a0e8e3470143665c2cc3c87181be73cc'),(761,1,1,1161,NULL,'https://www.tripadvisor.ru/SiteIndex-g295117-East_Timor.html',1,'300b5d15c88bcebb93e767f297bbb74f'),(762,1,1,1162,NULL,'https://www.tripadvisor.ru/SiteIndex-g293921-Vietnam.html',1,'72e60eba565f551ab1aaa811191c3897'),(763,1,1,1163,NULL,'https://www.tripadvisor.ru/SiteIndex-g293792-Gabon.html',1,'c9967737922e412343a0a21ba847d150'),(764,1,1,1164,NULL,'https://www.tripadvisor.ru/SiteIndex-g294077-Guyana.html',1,'4bcfd8a4c924d3e8d0bd17718160548e'),(765,1,1,1165,NULL,'https://www.tripadvisor.ru/SiteIndex-g293794-Gambia.html',1,'0a9f83e924a00b7506cf9090eacefe78'),(766,1,1,1166,NULL,'https://www.tripadvisor.ru/SiteIndex-g293796-Ghana.html',1,'87eab84caad5fa802e85d3e57a9cf41e'),(767,1,1,1167,NULL,'https://www.tripadvisor.ru/SiteIndex-g292002-Guatemala.html',1,'30251c8c531fad08bc47409bf2674654'),(768,1,1,1168,NULL,'https://www.tripadvisor.ru/SiteIndex-g293798-Guinea.html',1,'b03bdb4ad8183d2365afa8dc1260c77f'),(769,1,1,1169,NULL,'https://www.tripadvisor.ru/SiteIndex-g293800-Guinea_Bissau.html',1,'5f8ae628b680c7fa2e7b95958d17e8e1'),(770,1,1,1170,NULL,'https://www.tripadvisor.ru/SiteIndex-g187275-Germany.html',1,'3fe4317471aac073d16cde93b11bd3e0'),(771,1,1,1171,NULL,'https://www.tripadvisor.ru/SiteIndex-g187510-Gibraltar.html',1,'cf42a7c2d280609869be2a92dc28b4c5'),(772,1,1,1172,NULL,'https://www.tripadvisor.ru/SiteIndex-g1389503-Golan_Heights.html',1,'d9dac1b59bfc7addeaa7594b91df7a86'),(773,1,1,1173,NULL,'https://www.tripadvisor.ru/SiteIndex-g292016-Honduras.html',1,'5de6826f4836150db6f394caca735445'),(774,1,1,1174,NULL,'https://www.tripadvisor.ru/SiteIndex-g295111-Greenland.html',1,'7600ffd0d304cecb34c2140a79924a23'),(775,1,1,1175,NULL,'https://www.tripadvisor.ru/SiteIndex-g189398-Greece.html',1,'ecaf1e6b2cb60ce72bb11031ac5d2bc2'),(776,1,1,1176,NULL,'https://www.tripadvisor.ru/SiteIndex-g294194-Georgia.html',1,'0d9b6c3ab88b383c387a68821cb4d29f'),(777,1,1,1177,NULL,'https://www.tripadvisor.ru/SiteIndex-g189512-Denmark.html',1,'d7794ff20ca3c02e9325f47bd028fbc3'),(778,1,1,1178,NULL,'https://www.tripadvisor.ru/SiteIndex-g294186-Democratic_Republic_of_the_Congo.html',1,'29948b6bc8cb0d5de1235e8d93e4cab6'),(779,1,1,1179,NULL,'https://www.tripadvisor.ru/SiteIndex-g294441-Sao_Tome_and_Principe.html',1,'304d8aeae9b3c1064e7760d76dcf27f4'),(780,1,1,1180,NULL,'https://www.tripadvisor.ru/SiteIndex-g293786-Djibouti.html',1,'b1670601f44779379d8fcff01d0cec69'),(781,1,1,1181,NULL,'https://www.tripadvisor.ru/SiteIndex-g4-Europe.html',1,'7e37b6da2fcd3f1bbfd45ee9971a24b9'),(782,1,1,1182,NULL,'https://www.tripadvisor.ru/SiteIndex-g294200-Egypt.html',1,'f2c4c8e29eea2c6fcd3ebbc7d696cee8'),(783,1,1,1183,NULL,'https://www.tripadvisor.ru/SiteIndex-g293842-Zambia.html',1,'ed45ccceb567cbc9d6c9058410807d91'),(784,1,1,1184,NULL,'https://www.tripadvisor.ru/SiteIndex-g295118-Western_Sahara.html',1,'787e3bc5e77dcaa3b983220e29eb24bd'),(785,1,1,1185,NULL,'https://www.tripadvisor.ru/SiteIndex-g1808587-Princess_Elizabeth_Land.html',1,'09e1bf136c865bad3cd6e61db3e71d58'),(786,1,1,1186,NULL,'https://www.tripadvisor.ru/SiteIndex-g293759-Zimbabwe.html',1,'e4985df7adc1042a7fbbd3c491438e27'),(787,1,1,1187,NULL,'https://www.tripadvisor.ru/SiteIndex-g293977-Israel.html',1,'6734c614804407777ef8a97ce74d23f8'),(788,1,1,1188,NULL,'https://www.tripadvisor.ru/SiteIndex-g1207796-Ile_Juan_da_Nova.html',1,'1bbce25e8ca0fe7e974a3e7f1e44844b'),(789,1,1,1189,NULL,'https://www.tripadvisor.ru/SiteIndex-g1207794-Ile_Europa.html',1,'fde26c1924ad117ec91a6017552b8447'),(790,1,1,1190,NULL,'https://www.tripadvisor.ru/SiteIndex-g293860-India.html',1,'cc5f4bd9d503fb75f60c5f7303446b72'),(791,1,1,1191,NULL,'https://www.tripadvisor.ru/SiteIndex-g294225-Indonesia.html',1,'a36274376e4a06ad0e08c8c74fa451c0'),(792,1,1,1192,NULL,'https://www.tripadvisor.ru/SiteIndex-g293985-Jordan.html',1,'01395ca21d94bb834afe8496cf3ea948'),(793,1,1,1193,NULL,'https://www.tripadvisor.ru/SiteIndex-g294000-Iraq.html',1,'80ba493995205fe2090cdf8a70e560cb'),(794,1,1,1194,NULL,'https://www.tripadvisor.ru/SiteIndex-g293998-Iran.html',1,'1fd5b3398494187f9da9909177a623ac'),(795,1,1,1195,NULL,'https://www.tripadvisor.ru/SiteIndex-g186591-Ireland.html',1,'4c7eacdfc1392088b26e00931764a8dc'),(796,1,1,1196,NULL,'https://www.tripadvisor.ru/SiteIndex-g189952-Iceland.html',1,'2ee7aabb1608968ca621f460db5bd94c'),(797,1,1,1197,NULL,'https://www.tripadvisor.ru/SiteIndex-g187427-Spain.html',1,'ba844c8886c7f965f7015261e58e9062'),(798,1,1,1198,NULL,'https://www.tripadvisor.ru/SiteIndex-g187768-Italy.html',1,'ed99bfc9486699568f62e017a449e130'),(799,1,1,1199,NULL,'https://www.tripadvisor.ru/SiteIndex-g294014-Yemen.html',1,'919f6196d8a4a0f0b9c7f81e142f4d87'),(800,1,1,1200,NULL,'https://www.tripadvisor.ru/SiteIndex-g293774-Cape_Verde.html',1,'d28800b33d25a053df624cceb04c156c'),(801,1,1,1201,NULL,'https://www.tripadvisor.ru/SiteIndex-g293943-Kazakhstan.html',1,'314ea233fd2894ceda792b53a456eeae'),(802,1,1,1202,NULL,'https://www.tripadvisor.ru/SiteIndex-g293939-Cambodia.html',1,'250f56fd944c4e77c026e01dffd5d443'),(803,1,1,1203,NULL,'https://www.tripadvisor.ru/SiteIndex-g293772-Cameroon.html',1,'43ef5da028ed4e397ec9cb9bf2988594'),(804,1,1,1204,NULL,'https://www.tripadvisor.ru/SiteIndex-g153339-Canada.html',1,'b1bbdfa8ee144abb9f39acb9de66771c'),(805,1,1,1205,NULL,'https://www.tripadvisor.ru/SiteIndex-g147237-Caribbean.html',1,'f337073e43bf965d229c19b946470c31'),(806,1,1,1206,NULL,'https://www.tripadvisor.ru/SiteIndex-g294008-Qatar.html',1,'cf2b1338be55839600e24cd427a12092'),(807,1,1,1207,NULL,'https://www.tripadvisor.ru/SiteIndex-g294206-Kenya.html',1,'5b33d18d5cd68c7c8544844662d8e346'),(808,1,1,1208,NULL,'https://www.tripadvisor.ru/SiteIndex-g190372-Cyprus.html',1,'0e627d9a4f3f29d28f639c9b751db807'),(809,1,1,1209,NULL,'https://www.tripadvisor.ru/SiteIndex-g293947-Kyrgyzstan.html',1,'d46bc0113f611509e0f33475429fe825'),(810,1,1,1210,NULL,'https://www.tripadvisor.ru/SiteIndex-g294211-China.html',1,'2d28a9ea2bb4a74bab98750622faced8'),(811,1,1,1211,NULL,'https://www.tripadvisor.ru/SiteIndex-g294073-Colombia.html',1,'3e0a0c7f3ce25f923cae24f6c79bc4b3'),(812,1,1,1212,NULL,'https://www.tripadvisor.ru/SiteIndex-g294435-Comoros.html',1,'317c42315d5c0e95ffad3ca021c21fe5'),(813,1,1,1213,NULL,'https://www.tripadvisor.ru/SiteIndex-g304082-Kosovo.html',1,'86575b232d3e551a0b784d3a7f28a0ad'),(814,1,1,1214,NULL,'https://www.tripadvisor.ru/SiteIndex-g291982-Costa_Rica.html',1,'2f48a4df39dcc9738831192967aa35f0'),(815,1,1,1215,NULL,'https://www.tripadvisor.ru/SiteIndex-g294192-Cote_d_Ivoire.html',1,'e6bfc16028c19c51b4761fdf67f8d122'),(816,1,1,1216,NULL,'https://www.tripadvisor.ru/SiteIndex-g313972-Crimea.html',1,'21e6722e5423fa72894cda1c866439fa'),(817,1,1,1217,NULL,'https://www.tripadvisor.ru/SiteIndex-g294002-Kuwait.html',1,'eb3085f54381a12b2e201f2e20dacebb'),(818,1,1,1218,NULL,'https://www.tripadvisor.ru/SiteIndex-g293949-Laos.html',1,'b8887ffaeb785312c2503e3f6b2c9076'),(819,1,1,1219,NULL,'https://www.tripadvisor.ru/SiteIndex-g274960-Latvia.html',1,'8705b898b9c9142281ccc5aadcd8e54f'),(820,1,1,1220,NULL,'https://www.tripadvisor.ru/SiteIndex-g293802-Lesotho.html',1,'1744aa272d6014365ee22010f16d08ce'),(821,1,1,1221,NULL,'https://www.tripadvisor.ru/SiteIndex-g293804-Liberia.html',1,'8debe578d3fa51be2fc70dfb993bc5ec'),(822,1,1,1222,NULL,'https://www.tripadvisor.ru/SiteIndex-g294004-Lebanon.html',1,'2b1de8f7f24d7a9455141afb9ed07e8e'),(823,1,1,1223,NULL,'https://www.tripadvisor.ru/SiteIndex-g293806-Libya.html',1,'4eadf7ea253be89308d283c077830e46'),(824,1,1,1224,NULL,'https://www.tripadvisor.ru/SiteIndex-g274947-Lithuania.html',1,'279fadb05c1180ef68edd947e89da7c6'),(825,1,1,1225,NULL,'https://www.tripadvisor.ru/SiteIndex-g190357-Liechtenstein.html',1,'0d00c842e6cab2862ed5ebba6265a3c5'),(826,1,1,1226,NULL,'https://www.tripadvisor.ru/SiteIndex-g190340-Luxembourg.html',1,'38ce9f0630a6b67c1a62f40b796fbaf2'),(827,1,1,1227,NULL,'https://www.tripadvisor.ru/SiteIndex-g293816-Mauritius.html',1,'1dd2ecfcd278591379b92c68186d42f0'),(828,1,1,1228,NULL,'https://www.tripadvisor.ru/SiteIndex-g293814-Mauritania.html',1,'fa4adb71782c49bd725b863d5ce7ccd7'),(829,1,1,1229,NULL,'https://www.tripadvisor.ru/SiteIndex-g293808-Madagascar.html',1,'cb5281849d5ff64857b435cf4b3d6a21'),(830,1,1,1230,NULL,'https://www.tripadvisor.ru/SiteIndex-g295116-Mayotte.html',1,'b836f5b588c58ee35f210a16a4b4c878'),(831,1,1,1231,NULL,'https://www.tripadvisor.ru/SiteIndex-g293810-Malawi.html',1,'700115fe2e11115bd6d8e2cebedb870a'),(832,1,1,1232,NULL,'https://www.tripadvisor.ru/SiteIndex-g293951-Malaysia.html',1,'db2b03b9d357cce0881506011cbdb106'),(833,1,1,1233,NULL,'https://www.tripadvisor.ru/SiteIndex-g293812-Mali.html',1,'ff8646e39b755fd90986d7a5a149e1bb'),(834,1,1,1234,NULL,'https://www.tripadvisor.ru/SiteIndex-g293953-Maldives.html',1,'d53c3d65424c6dfcde283eb79972a6a3'),(835,1,1,1235,NULL,'https://www.tripadvisor.ru/SiteIndex-g190311-Malta.html',1,'62f13a7373a70d36d36a622ef795c740'),(836,1,1,1236,NULL,'https://www.tripadvisor.ru/SiteIndex-g1487275-Mariana_Islands.html',1,'31a52750a695ba9137d76fb724a77ea2'),(837,1,1,1237,NULL,'https://www.tripadvisor.ru/SiteIndex-g293730-Morocco.html',1,'c74d084ff97c9d4d1e2253e96daa1271'),(838,1,1,1238,NULL,'https://www.tripadvisor.ru/SiteIndex-g301392-Marshall_Islands.html',1,'9b443195b693a722b870116b88ecd11f'),(839,1,1,1239,NULL,'https://www.tripadvisor.ru/SiteIndex-g150768-Mexico.html',1,'a7a8c4b34023fc4c18f2ba4af1ac7cc3'),(840,1,1,1240,NULL,'https://www.tripadvisor.ru/SiteIndex-g1-World.html',1,'5dc441bf0edddb733b49c08d4c2ffa05'),(841,1,1,1241,NULL,'https://www.tripadvisor.ru/SiteIndex-g293818-Mozambique.html',1,'4385cb0d560866c00b96128461bdb601'),(842,1,1,1242,NULL,'https://www.tripadvisor.ru/SiteIndex-g294455-Moldova.html',1,'d0419691ef5381d04b21a38e418cfb96'),(843,1,1,1243,NULL,'https://www.tripadvisor.ru/SiteIndex-g190405-Monaco.html',1,'245b924fa055b7025fa46818e62d1dbb'),(844,1,1,1244,NULL,'https://www.tripadvisor.ru/SiteIndex-g293955-Mongolia.html',1,'d2dba4d049a1448e23f0fc6e2cb5f52c'),(845,1,1,1245,NULL,'https://www.tripadvisor.ru/SiteIndex-g294190-Myanmar.html',1,'0bf1d4eb2560c96f1214250f6d54e125'),(846,1,1,1246,NULL,'https://www.tripadvisor.ru/SiteIndex-g293820-Namibia.html',1,'cfe208103b7d7d3bd538b1e783ab8e6e'),(847,1,1,1247,NULL,'https://www.tripadvisor.ru/SiteIndex-g294127-Nauru.html',1,'2ea70019809cad49ef5bf0eaaa5aa7cc'),(848,1,1,1248,NULL,'https://www.tripadvisor.ru/SiteIndex-g293889-Nepal.html',1,'e693768965f1320893c610e14589d229'),(849,1,1,1249,NULL,'https://www.tripadvisor.ru/SiteIndex-g293822-Niger.html',1,'229add17b2f61d1da9717003a7a79149'),(850,1,1,1250,NULL,'https://www.tripadvisor.ru/SiteIndex-g293824-Nigeria.html',1,'3d7fc3e3d5231978b22cc07ff432691b'),(851,1,1,1251,NULL,'https://www.tripadvisor.ru/SiteIndex-g188553-The_Netherlands.html',1,'cbe019b0de73bf0c289918d427fdfe50'),(852,1,1,1252,NULL,'https://www.tripadvisor.ru/SiteIndex-g294477-Nicaragua.html',1,'e20a98ea3cf60d8004c7ac2c900f7a6f'),(853,1,1,1253,NULL,'https://www.tripadvisor.ru/SiteIndex-g294131-Niue.html',1,'7bc6cafbf03a4dad9338e868eef5c9e2'),(854,1,1,1254,NULL,'https://www.tripadvisor.ru/SiteIndex-g255104-New_Zealand.html',1,'0fe70b270462af937697a95391de6d46'),(855,1,1,1255,NULL,'https://www.tripadvisor.ru/SiteIndex-g294129-New_Caledonia.html',1,'2bb84535e0103469f7f4752c5571344f'),(856,1,1,1256,NULL,'https://www.tripadvisor.ru/SiteIndex-g190455-Norway.html',1,'fb42b739bbf25f6c5f803a122a4fe4c1'),(857,1,1,1257,NULL,'https://www.tripadvisor.ru/SiteIndex-g294012-United_Arab_Emirates.html',1,'5075d117e5fad97ec0485994e865a50d'),(858,1,1,1258,NULL,'https://www.tripadvisor.ru/SiteIndex-g294006-Oman.html',1,'116cc30992cd302235027854f977e2a4'),(859,1,1,1259,NULL,'https://www.tripadvisor.ru/SiteIndex-g662273-Cuverville_Island.html',1,'de1ef9dca770628a00e98d0b079163f1'),(860,1,1,1260,NULL,'https://www.tripadvisor.ru/SiteIndex-g293826-Reunion_Island.html',1,'604f78cbaa6abe8fc0bd1929a1c07ea8'),(861,1,1,1261,NULL,'https://www.tripadvisor.ru/SiteIndex-g660186-Ross_Island.html',1,'69283cef7cbe08b98304ebd73d15f1f6'),(862,1,1,1262,NULL,'https://www.tripadvisor.ru/SiteIndex-g295105-St_Helena_Ascension_and_Tristan_da_Cunha.html',1,'c79b460c1caf0874c4334e5214e45dc0'),(863,1,1,1263,NULL,'https://www.tripadvisor.ru/SiteIndex-g60667-Wake_Island.html',1,'64b9e5e7acbf0aeb805802f46e312b6a'),(864,1,1,1264,NULL,'https://www.tripadvisor.ru/SiteIndex-g294328-Cook_Islands.html',1,'f4be65fb60644b6db2c1dc1f9e901003'),(865,1,1,1265,NULL,'https://www.tripadvisor.ru/SiteIndex-g673774-Pitcairn_Islands.html',1,'6d1274b32aa95ca98944c2690fe0ab19'),(866,1,1,1266,NULL,'https://www.tripadvisor.ru/SiteIndex-g1504597-Windmill_Islands.html',1,'32fbc14ca51943d6d2131785b4ee8180'),(867,1,1,1267,NULL,'https://www.tripadvisor.ru/SiteIndex-g293959-Pakistan.html',1,'969e4386d42bfd0d9d7dae88bb5e63fd'),(868,1,1,1268,NULL,'https://www.tripadvisor.ru/SiteIndex-g294135-Palau.html',1,'b9693e4d9527bcba6f2878679153842c'),(869,1,1,1269,NULL,'https://www.tripadvisor.ru/SiteIndex-g660378-Palestinian_Territories.html',1,'5dde2cbb1d8ee0d2140f33b90d065f80'),(870,1,1,1270,NULL,'https://www.tripadvisor.ru/SiteIndex-g294479-Panama.html',1,'2abea133a7a7c02925e3717eaa166ea9'),(871,1,1,1271,NULL,'https://www.tripadvisor.ru/SiteIndex-g294115-Papua_New_Guinea.html',1,'d098487f12c653a059a111233c52a15c'),(872,1,1,1272,NULL,'https://www.tripadvisor.ru/SiteIndex-g294079-Paraguay.html',1,'f8fa4b52b97a141efbdcef7e29e67f55'),(873,1,1,1273,NULL,'https://www.tripadvisor.ru/SiteIndex-g294311-Peru.html',1,'7105fa21555b21f58c0083f854162cec'),(874,1,1,1274,NULL,'https://www.tripadvisor.ru/SiteIndex-g274723-Poland.html',1,'26ef7736f5f0f0ec48b8f026d903d32b'),(875,1,1,1275,NULL,'https://www.tripadvisor.ru/SiteIndex-g189100-Portugal.html',1,'691dc8b2aca00365180a121baa9a7c1c'),(876,1,1,1276,NULL,'https://www.tripadvisor.ru/SiteIndex-g294121-Republic_of_Kiribati.html',1,'b41cb1ccbaabd0343988ab969d77ed0c'),(877,1,1,1277,NULL,'https://www.tripadvisor.ru/SiteIndex-g294188-Republic_of_the_Congo.html',1,'116c5bf17cac32de7651825de8350222'),(878,1,1,1278,NULL,'https://www.tripadvisor.ru/SiteIndex-g295109-Republic_of_Macedonia.html',1,'41352b521e37c2a989cab9bcbaccd3ce'),(879,1,1,1279,NULL,'https://www.tripadvisor.ru/SiteIndex-g294459-Russia.html',1,'5305c9b2f569a1433a25b51a73e49a84'),(880,1,1,1280,NULL,'https://www.tripadvisor.ru/SiteIndex-g293828-Rwanda.html',1,'93c075fc965104d566634bbd9ed9411a'),(881,1,1,1281,NULL,'https://www.tripadvisor.ru/SiteIndex-g294457-Romania.html',1,'2880050c3891ba067ee8aa04a93a6d58'),(882,1,1,1282,NULL,'https://www.tripadvisor.ru/SiteIndex-g191-United_States.html',1,'7d5d6ec356611103d646f64b17ea26e5'),(883,1,1,1283,NULL,'https://www.tripadvisor.ru/SiteIndex-g294475-El_Salvador.html',1,'bd12339038b947ae9336912a799212a0'),(884,1,1,1284,NULL,'https://www.tripadvisor.ru/SiteIndex-g294137-Samoa.html',1,'98c285c73562c5917428dfa3726110d2'),(885,1,1,1285,NULL,'https://www.tripadvisor.ru/SiteIndex-g187808-San_Marino.html',1,'64e880462b048fb7520f2a1e8bd2bcbf'),(886,1,1,1286,NULL,'https://www.tripadvisor.ru/SiteIndex-g293991-Saudi_Arabia.html',1,'47a7966be5911598ee78a43945625a46'),(887,1,1,1287,NULL,'https://www.tripadvisor.ru/SiteIndex-g293836-Swaziland.html',1,'f4a5e78b6a21a37254754fe974c1f24f'),(888,1,1,1288,NULL,'https://www.tripadvisor.ru/SiteIndex-g19-North_America.html',1,'ff534918979ace053f5fd2c53904f9aa'),(889,1,1,1289,NULL,'https://www.tripadvisor.ru/SiteIndex-g294443-North_Korea.html',1,'bb645cc19ace8aac2f0eafb7626b5b39'),(890,1,1,1290,NULL,'https://www.tripadvisor.ru/SiteIndex-g293738-Seychelles.html',1,'14399bf37f0af8533c3fe1f0b2c4d6b2'),(891,1,1,1291,NULL,'https://www.tripadvisor.ru/SiteIndex-g183815-Saint_Pierre_and_Miquelon.html',1,'c33fbca69b47c97bd55b79f59a9f2f73'),(892,1,1,1292,NULL,'https://www.tripadvisor.ru/SiteIndex-g293830-Senegal.html',1,'66b5b9eb4198fb379fb46657f2bc020a'),(893,1,1,1293,NULL,'https://www.tripadvisor.ru/SiteIndex-g294471-Serbia.html',1,'b0f2a16a4220c247fc94b66d23ce3664'),(894,1,1,1294,NULL,'https://www.tripadvisor.ru/SiteIndex-g294262-Singapore.html',1,'907caf3eec24d6b2ebf0e186acf4e1c3'),(895,1,1,1295,NULL,'https://www.tripadvisor.ru/SiteIndex-g294010-Syria.html',1,'8084426140215feecd24dd957ad6a5f4'),(896,1,1,1296,NULL,'https://www.tripadvisor.ru/SiteIndex-g274922-Slovakia.html',1,'5c4d2fc78f4e89c263f92535d53093a5'),(897,1,1,1297,NULL,'https://www.tripadvisor.ru/SiteIndex-g274862-Slovenia.html',1,'d027011294e265d103486d8523147b09'),(898,1,1,1298,NULL,'https://www.tripadvisor.ru/SiteIndex-g294139-Solomon_Islands.html',1,'e259791ec8745aa1bb9357fa343c8211'),(899,1,1,1299,NULL,'https://www.tripadvisor.ru/SiteIndex-g294439-Somalia.html',1,'a578b2a83918ecd714569b5a89a4ca30'),(900,1,1,1300,NULL,'https://www.tripadvisor.ru/SiteIndex-g293834-Sudan.html',1,'6e707c165258db6f4ffff5645c9675a3'),(901,1,1,1301,NULL,'https://www.tripadvisor.ru/SiteIndex-g294081-Suriname.html',1,'acc399d7d139b3f370979c0f8babc902'),(902,1,1,1302,NULL,'https://www.tripadvisor.ru/SiteIndex-g293832-Sierra_Leone.html',1,'38ce6399676f66794bfd0db71277b9a9'),(903,1,1,1303,NULL,'https://www.tripadvisor.ru/SiteIndex-g293963-Tajikistan.html',1,'a0e00b3bba404d9d9524a9757c9e1053'),(904,1,1,1304,NULL,'https://www.tripadvisor.ru/SiteIndex-g293915-Thailand.html',1,'0af54502bb6f6eef4ee2e25aa6b2e2e0'),(905,1,1,1305,NULL,'https://www.tripadvisor.ru/SiteIndex-g293910-Taiwan.html',1,'537706a1ec3e14503858452c416e69d7'),(906,1,1,1306,NULL,'https://www.tripadvisor.ru/SiteIndex-g293747-Tanzania.html',1,'728701f1791fbd759ebe72f5ef896363'),(907,1,1,1307,NULL,'https://www.tripadvisor.ru/SiteIndex-g293838-Togo.html',1,'5044df3d061982e222d5b0952524950c'),(908,1,1,1308,NULL,'https://www.tripadvisor.ru/SiteIndex-g295114-Tokelau.html',1,'889fc9d9f4e81f849682573415f05c6f'),(909,1,1,1309,NULL,'https://www.tripadvisor.ru/SiteIndex-g294141-Tonga.html',1,'376c920e5c8e7b0c38273a5d1b81c1d7'),(910,1,1,1310,NULL,'https://www.tripadvisor.ru/SiteIndex-g1207792-Ile_Tromelin.html',1,'edf30ef0715e13e23a16c9fa0115399e'),(911,1,1,1311,NULL,'https://www.tripadvisor.ru/SiteIndex-g294481-Tuvalu.html',1,'c993d9c05267501cd0e52414178a13b3'),(912,1,1,1312,NULL,'https://www.tripadvisor.ru/SiteIndex-g293753-Tunisia.html',1,'c4d44561ec9b2551a7eaa8370f4f1b01'),(913,1,1,1313,NULL,'https://www.tripadvisor.ru/SiteIndex-g293965-Turkmenistan.html',1,'62645fd6bf0b1b1ce63476d018f79638'),(914,1,1,1314,NULL,'https://www.tripadvisor.ru/SiteIndex-g293969-Turkey.html',1,'6c782fb2d8776d205dce34ab7269b3ca'),(915,1,1,1315,NULL,'https://www.tripadvisor.ru/SiteIndex-g293840-Uganda.html',1,'ca7a4f6741888894f6ee8136c58fbc15'),(916,1,1,1316,NULL,'https://www.tripadvisor.ru/SiteIndex-g293967-Uzbekistan.html',1,'3e1a79cf45e86ed338f70ad307c1c171'),(917,1,1,1317,NULL,'https://www.tripadvisor.ru/SiteIndex-g294473-Ukraine.html',1,'cc5c980c7c96198d77ee103ae2cb2d14'),(918,1,1,1318,NULL,'https://www.tripadvisor.ru/SiteIndex-g1746897-Wallis_and_Futuna.html',1,'7c2b1e8ba89ce59ba97861aecb2afb14'),(919,1,1,1319,NULL,'https://www.tripadvisor.ru/SiteIndex-g294064-Uruguay.html',1,'587879c9b415505fc8d33eb9ad6dc8ec'),(920,1,1,1320,NULL,'https://www.tripadvisor.ru/SiteIndex-g190329-Faroe_Islands.html',1,'88b5122607883dc3ad0dfe9ea6810eee'),(921,1,1,1321,NULL,'https://www.tripadvisor.ru/SiteIndex-g294198-Federated_States_of_Micronesia.html',1,'f7a1de40c0a9cbf1a1d03d1472f9027c'),(922,1,1,1322,NULL,'https://www.tripadvisor.ru/SiteIndex-g294331-Fiji.html',1,'e9803505ea0626ff970683ed5c822e87'),(923,1,1,1323,NULL,'https://www.tripadvisor.ru/SiteIndex-g294245-Philippines.html',1,'382093648bba9e4ea1593fdc8f12936a'),(924,1,1,1324,NULL,'https://www.tripadvisor.ru/SiteIndex-g189896-Finland.html',1,'78a036f0f10da66369848104e6d0fcfd'),(925,1,1,1325,NULL,'https://www.tripadvisor.ru/SiteIndex-g294270-Falkland_Islands.html',1,'5b7d8cefa8a4e8094bdb7513586b1755'),(926,1,1,1326,NULL,'https://www.tripadvisor.ru/SiteIndex-g187070-France.html',1,'02b152c4b7fcf28d8506e70d969381e4'),(927,1,1,1327,NULL,'https://www.tripadvisor.ru/SiteIndex-g294075-French_Guiana.html',1,'a61e05afb2e1fbee790829fb2fc2feb7'),(928,1,1,1328,NULL,'https://www.tripadvisor.ru/SiteIndex-g294338-French_Polynesia.html',1,'8f86b16c67a0db56bf719bbf91c24c1c'),(929,1,1,1329,NULL,'https://www.tripadvisor.ru/SiteIndex-g294453-Croatia.html',1,'a4674da1ecff996d3b3955d404880ea2'),(930,1,1,1330,NULL,'https://www.tripadvisor.ru/SiteIndex-g291958-Central_America.html',1,'52e7641e8be67065648ecdb716e5927c'),(931,1,1,1331,NULL,'https://www.tripadvisor.ru/SiteIndex-g293776-Central_African_Republic.html',1,'5d3dbee1520f2f0ff9033fdaede25261'),(932,1,1,1332,NULL,'https://www.tripadvisor.ru/SiteIndex-g293778-Chad.html',1,'e305a7ece6957427ca69ddb33c256f18'),(933,1,1,1333,NULL,'https://www.tripadvisor.ru/SiteIndex-g635648-Montenegro.html',1,'5d804234eff85872793328b4be273b88'),(934,1,1,1334,NULL,'https://www.tripadvisor.ru/SiteIndex-g274684-Czech_Republic.html',1,'42f8986c8a6a4fe040b50c4d92fa5388'),(935,1,1,1335,NULL,'https://www.tripadvisor.ru/SiteIndex-g294291-Chile.html',1,'9ba08f8e6b7b2aa58122cdec50cc7fa6'),(936,1,1,1336,NULL,'https://www.tripadvisor.ru/SiteIndex-g188045-Switzerland.html',1,'5d8c1a1b18e9b6595ec99b76fb59f4cd'),(937,1,1,1337,NULL,'https://www.tripadvisor.ru/SiteIndex-g189806-Sweden.html',1,'03f5aed5ba97125401a518c5ae032e25'),(938,1,1,1338,NULL,'https://www.tripadvisor.ru/SiteIndex-g293961-Sri_Lanka.html',1,'7ca2f1c45544a83c6497a48611f13116'),(939,1,1,1339,NULL,'https://www.tripadvisor.ru/SiteIndex-g294307-Ecuador.html',1,'6d9f586d233ed08beae19a4bdaf677a8'),(940,1,1,1340,NULL,'https://www.tripadvisor.ru/SiteIndex-g294437-Equatorial_Guinea.html',1,'c245e9931ea5e9fad8e05b3c272eda4e'),(941,1,1,1341,NULL,'https://www.tripadvisor.ru/SiteIndex-g293788-Eritrea.html',1,'3dde3ec89face4da4a22c79e1428036f'),(942,1,1,1342,NULL,'https://www.tripadvisor.ru/SiteIndex-g274952-Estonia.html',1,'fe67b45a649948e809904adc7662044b'),(943,1,1,1343,NULL,'https://www.tripadvisor.ru/SiteIndex-g293790-Ethiopia.html',1,'0265868ba7ee2558b16a52b7867baf7d'),(944,1,1,1344,NULL,'https://www.tripadvisor.ru/SiteIndex-g13-South_America.html',1,'71e4a5e53c0ccede5a1d3df4bfd10099'),(945,1,1,1345,NULL,'https://www.tripadvisor.ru/SiteIndex-g293740-South_Africa.html',1,'5fbcf968dc6a500c386aeafc6fa30a59'),(946,1,1,1346,NULL,'https://www.tripadvisor.ru/SiteIndex-g1593026-South_Georgia.html',1,'75b0dd643d49804b7c290f71df4efbba'),(947,1,1,1347,NULL,'https://www.tripadvisor.ru/SiteIndex-g294196-South_Korea.html',1,'499d606501b1c255e7b466a9ebe6c923'),(948,1,1,1348,NULL,'https://www.tripadvisor.ru/SiteIndex-g8-South_Pacific.html',1,'2aef87a4f344f58970f0ab2cdfc73e02'),(949,1,1,1349,NULL,'https://www.tripadvisor.ru/SiteIndex-g660185-South_Orkney_Islands.html',1,'baf8d06d26b11d73b888d215235ab5ff'),(950,1,1,1350,NULL,'https://www.tripadvisor.ru/SiteIndex-g660184-South_Shetland_Islands.html',1,'f8ea27aa26a5a9af44429baddfc0b562'),(951,1,1,1351,NULL,'https://www.tripadvisor.ru/SiteIndex-g2201790-South_Sudan.html',1,'e61e9b4d0ee8151ef58e8811a15feb88'),(952,1,1,1352,NULL,'https://www.tripadvisor.ru/SiteIndex-g669046-South_Pole.html',1,'5645f50f1487d297f4c9cb2e4502e675'),(953,1,1,1353,NULL,'https://www.tripadvisor.ru/SiteIndex-g294232-Japan.html',1,'787fa0ba67c1d42f0ea5024e06be5f9e'),(954,1,2,1355,1356,'https://www.tripadvisor.ru/Hotels-g1778095-Aboa-Hotels.html',3,'8987984d8e2d286b0c7112048e37bada'),(955,1,4,1357,1387,'https://www.tripadvisor.ru/Hotel_Review-g2446106-d2524191-Reviews-Hotel_Meson_de_Erosa-Herosa_Province_of_Ourense_Galicia.html',3,'c50e2033025ffc78b536cbb191be0616'),(956,1,4,1358,1388,'https://www.tripadvisor.ru/Hotel_Review-g1991342-d2014353-Reviews-Hotel_Spa_Vilavella-A_Mezquita_Province_of_Ourense_Galicia.html',3,'ee26c168949408b9922d3274cca7c737'),(957,1,4,1359,1389,'https://www.tripadvisor.ru/Hotel_Review-g189172-d1396298-Reviews-Residencial_Cafe_Restaurante_Tic_Tac-Braganca_Braganca_District_Northern_Portugal.html',3,'3ad8230d5b2f7ba96a58273de53c2d22'),(958,1,4,1360,1390,'https://www.tripadvisor.ru/Hotel_Review-g189172-d273229-Reviews-Hotel_Ibis_Braganca-Braganca_Braganca_District_Northern_Portugal.html',3,'a3449280604804b9bcc7758183ab6e00'),(959,1,4,1361,1391,'https://www.tripadvisor.ru/Hotel_Review-g189172-d13357025-Reviews-Baixa_Hotel-Braganca_Braganca_District_Northern_Portugal.html',3,'9cd1438e3880146592008e5d8a97de49'),(960,1,4,1362,1392,'https://www.tripadvisor.ru/Hotel_Review-g189172-d239336-Reviews-Pousada_de_Braganca_Sao_Bartolomeu-Braganca_Braganca_District_Northern_Portugal.html',3,'b772583a7035f8e36c3b248f701acff9'),(961,1,4,1363,1393,'https://www.tripadvisor.ru/Hotel_Review-g189172-d1396303-Reviews-Residencial_S_Roque-Braganca_Braganca_District_Northern_Portugal.html',3,'4d766dd4f4a06c348343b2e02ca28342'),(962,1,4,1364,1394,'https://www.tripadvisor.ru/Hotel_Review-g189172-d593982-Reviews-Hotel_Turismo_Sao_Lazaro-Braganca_Braganca_District_Northern_Portugal.html',3,'3ebd92b2093950d61159e123f2bc4dad'),(963,1,4,1365,1395,'https://www.tripadvisor.ru/Hotel_Review-g777800-d1024910-Reviews-Hotel_Villa_de_Verin-Verin_Province_of_Ourense_Galicia.html',3,'89bed5df1b67e7d9a23eba1f09cfa783'),(964,1,4,1366,1396,'https://www.tripadvisor.ru/Hotel_Review-g777800-d506828-Reviews-Parador_de_Verin-Verin_Province_of_Ourense_Galicia.html',3,'de60bd262844f42c264287601170a7fd'),(965,1,4,1367,1397,'https://www.tripadvisor.ru/Hotel_Review-g315901-d1396608-Reviews-Residencial_S_Neutel-Chaves_Vila_Real_District_Northern_Portugal.html',3,'b4215a363c1e2117b92b9d121aa543c8'),(966,1,4,1368,1398,'https://www.tripadvisor.ru/Hotel_Review-g315901-d1396604-Reviews-Residencial_4_Estacoes-Chaves_Vila_Real_District_Northern_Portugal.html',3,'5aa78f8b2cd4a4cc70d989e417811d7e'),(967,1,4,1369,1399,'https://www.tripadvisor.ru/Hotel_Review-g315901-d1396606-Reviews-Residencial_Brites-Chaves_Vila_Real_District_Northern_Portugal.html',3,'3b6b7e80204b1e44e0698c3e4bd0edba'),(968,1,4,1370,1400,'https://www.tripadvisor.ru/Hotel_Review-g315901-d324933-Reviews-Forte_de_Sao_Francisco-Chaves_Vila_Real_District_Northern_Portugal.html',3,'6682e78bb7386f1531d62e725f582b4a'),(969,1,4,1371,1401,'https://www.tripadvisor.ru/Hotel_Review-g315901-d1597708-Reviews-Hotel_Encostas_de_Nantes-Chaves_Vila_Real_District_Northern_Portugal.html',3,'4a80ac6cdeb0442afb0e25fe8e027194'),(970,1,4,1372,1402,'https://www.tripadvisor.ru/Hotel_Review-g315901-d1448594-Reviews-Petrus_Hotel-Chaves_Vila_Real_District_Northern_Portugal.html',3,'090346ecb536bf3e2b91f9ce1aae5022'),(971,1,4,1373,1403,'https://www.tripadvisor.ru/Hotel_Review-g315901-d1396607-Reviews-Residencial_Casa_Das_Termas-Chaves_Vila_Real_District_Northern_Portugal.html',3,'35feba166ece8f9e43dfdab2b64a5e83'),(972,1,4,1374,1404,'https://www.tripadvisor.ru/Hotel_Review-g315901-d594227-Reviews-Hotel_Aquae_Flaviae_Premium_Chaves-Chaves_Vila_Real_District_Northern_Portugal.html',3,'3d24980bb2c7ab085dec310156e67f9c'),(973,1,4,1375,1405,'https://www.tripadvisor.ru/Hotel_Review-g315901-d1080634-Reviews-Hotel_Casino_Chaves-Chaves_Vila_Real_District_Northern_Portugal.html',3,'29bed33fe74c3fd8c8dabb53b26e21cf'),(974,1,4,1376,1406,'https://www.tripadvisor.ru/Hotel_Review-g2360351-d1053400-Reviews-Grande_Hotel_Don_Dinis-Mirandela_Braganca_District_Northern_Portugal.html',3,'4d7d4f0f88f422571760fef31dbe166e'),(975,1,4,1377,1407,'https://www.tripadvisor.ru/Hotel_Review-g609003-d3397316-Reviews-La_Hoja_de_Roble-Puebla_de_Sanabria_Province_of_Zamora_Castile_and_Leon.html',3,'9786c5e087bc972e94d8cd26060c6e97'),(976,1,4,1378,1408,'https://www.tripadvisor.ru/Hotel_Review-g609003-d647509-Reviews-Posada_Real_de_las_Misas-Puebla_de_Sanabria_Province_of_Zamora_Castile_and_Leon.html',3,'448cde2e71e00f1bf9a0fbb85f8aee4b'),(977,1,4,1379,1409,'https://www.tripadvisor.ru/Hotel_Review-g609003-d506867-Reviews-Parador_de_Puebla_de_Sanabria-Puebla_de_Sanabria_Province_of_Zamora_Castile_and_Leon.html',3,'e7abf86169dd1ae53192036f92a28314'),(978,1,4,1380,1410,'https://www.tripadvisor.ru/Hotel_Review-g609003-d658971-Reviews-Hotel_Meleiros-Puebla_de_Sanabria_Province_of_Zamora_Castile_and_Leon.html',3,'8a05b39053bfccbcf45130c42a5605db'),(979,1,4,1381,1411,'https://www.tripadvisor.ru/Hotel_Review-g652089-d643134-Reviews-Convento_de_Balsamao-Chacim_Braganca_District_Northern_Portugal.html',3,'4d1ca9cbf3959cda0dfed3f9eae9ab19'),(980,1,4,1382,1412,'https://www.tripadvisor.ru/Hotel_Review-g4561406-d2315709-Reviews-Posada_Real_La_Yensula-Galende_Province_of_Zamora_Castile_and_Leon.html',3,'4c69bde9df2acef896f405be0d77a741'),(981,1,4,1383,1413,'https://www.tripadvisor.ru/Hotel_Review-g1466999-d2520853-Reviews-Primavera_Perfume_Hotel-Vidago_Vila_Real_District_Northern_Portugal.html',3,'b9980770f6f330df9b14aa821e4846af'),(982,1,4,1384,1414,'https://www.tripadvisor.ru/Hotel_Review-g609003-d1752560-Reviews-Hotel_J_Enrimary-Puebla_de_Sanabria_Province_of_Zamora_Castile_and_Leon.html',3,'955904941e62302519d7343000b96f39'),(983,1,4,1385,1415,'https://www.tripadvisor.ru/Hotel_Review-g1466999-d268148-Reviews-Vidago_Palace_Hotel-Vidago_Vila_Real_District_Northern_Portugal.html',3,'d7fbbe5f447ff7efa04b052d3a99d1e3'),(984,1,4,1386,1416,'https://www.tripadvisor.ru/Hotel_Review-g262064-d2321746-Reviews-Casa_Maribona-Zamora_Province_of_Zamora_Castile_and_Leon.html',3,'5a825773509b75333a7cd496e28a54e3'),(985,1,2,1418,1419,'https://www.tripadvisor.ru/Hotels-g1023749-South_Georgia_and_the_South_Sandwich_Islands-Hotels.html',3,'ea123a6f5f59b802de0fdd3afb04b6aa'),(986,1,2,1421,NULL,'https://www.tripadvisor.ru/Hotels-g255055-Australia-Hotels.html',2,'0d68194fc2d99e4dd3adf25983c14bc7');

#
# Structure for table "core_records"
#

DROP TABLE IF EXISTS `core_records`;
CREATE TABLE `core_records` (
  `Id` int(11) NOT NULL AUTO_INCREMENT,
  `owner_group_id` int(11) NOT NULL DEFAULT '0',
  `key` varchar(255) NOT NULL DEFAULT '',
  `value` longtext NOT NULL,
  PRIMARY KEY (`Id`),
  KEY `group_id` (`owner_group_id`),
  CONSTRAINT `core_records_ibfk_1` FOREIGN KEY (`owner_group_id`) REFERENCES `core_groups` (`Id`) ON DELETE CASCADE ON UPDATE CASCADE
) ENGINE=InnoDB AUTO_INCREMENT=5 DEFAULT CHARSET=utf8;

#
# Data for table "core_records"
#

INSERT INTO `core_records` VALUES (2,1355,'category_identifier','Hotels'),(3,1418,'category_identifier','Hotels'),(4,1421,'category_identifier','Hotels');

#
# Structure for table "cstm_converted_links"
#

DROP TABLE IF EXISTS `cstm_converted_links`;
CREATE TABLE `cstm_converted_links` (
  `Id` int(11) NOT NULL AUTO_INCREMENT,
  `ext_link_id` int(11) NOT NULL DEFAULT '0',
  `error` tinyint(3) DEFAULT NULL,
  `error_msg` text,
  PRIMARY KEY (`Id`),
  KEY `ext_link_id` (`ext_link_id`)
) ENGINE=InnoDB DEFAULT CHARSET=utf8;

#
# Data for table "cstm_converted_links"
#


#
# Structure for table "cstm_output"
#

DROP TABLE IF EXISTS `cstm_output`;
CREATE TABLE `cstm_output` (
  `Id` int(11) NOT NULL AUTO_INCREMENT,
  `category_identifier` varchar(50) NOT NULL DEFAULT '',
  `ctime` datetime NOT NULL DEFAULT '0000-00-00 00:00:00',
  `ru_title` varchar(255) NOT NULL DEFAULT '',
  `en_title` varchar(255) NOT NULL DEFAULT '',
  `ua_title` varchar(255) NOT NULL DEFAULT '',
  `ru_country` varchar(100) DEFAULT NULL,
  `en_country` varchar(100) DEFAULT NULL,
  `ua_country` varchar(100) DEFAULT NULL,
  `ru_city` varchar(255) DEFAULT NULL,
  `en_city` varchar(255) DEFAULT NULL,
  `ua_city` varchar(255) DEFAULT NULL,
  `ru_address` varchar(255) DEFAULT NULL,
  `en_address` varchar(255) DEFAULT NULL,
  `ua_address` varchar(255) DEFAULT NULL,
  `email` varchar(255) DEFAULT NULL,
  `skype` varchar(255) DEFAULT NULL,
  `phone` varchar(255) DEFAULT NULL,
  `site_url` text,
  `ru_content` longtext,
  `en_content` longtext,
  `ua_content` longtext,
  `ru_contacts` varchar(255) DEFAULT NULL,
  `en_contacts` varchar(255) DEFAULT NULL,
  `ua_contacts` varchar(255) DEFAULT NULL,
  `ru_source` text NOT NULL,
  `en_source` text NOT NULL,
  `ua_source` text NOT NULL,
  PRIMARY KEY (`Id`)
) ENGINE=InnoDB DEFAULT CHARSET=utf8;

#
# Data for table "cstm_output"
#


#
# Structure for table "rqst_iternal_requests"
#

DROP TABLE IF EXISTS `rqst_iternal_requests`;
CREATE TABLE `rqst_iternal_requests` (
  `Id` int(11) NOT NULL AUTO_INCREMENT,
  `link_id` int(11) NOT NULL DEFAULT '0',
  `url` text NOT NULL,
  `post_data` text,
  `headers` text,
  `handled_type_id` int(11) DEFAULT '0',
  PRIMARY KEY (`Id`),
  KEY `link_id` (`link_id`),
  KEY `handled_type_id` (`handled_type_id`),
  CONSTRAINT `rqst_iternal_requests_ibfk_1` FOREIGN KEY (`link_id`) REFERENCES `core_links` (`Id`) ON DELETE CASCADE ON UPDATE CASCADE,
  CONSTRAINT `rqst_iternal_requests_ibfk_2` FOREIGN KEY (`handled_type_id`) REFERENCES `core_link_handled_types` (`Id`)
) ENGINE=InnoDB AUTO_INCREMENT=2 DEFAULT CHARSET=utf8;

#
# Data for table "rqst_iternal_requests"
#

INSERT INTO `rqst_iternal_requests` VALUES (1,724,'fgsdsdf',NULL,NULL,1);

#
# Trigger "delete_body_group"
#

DROP TRIGGER IF EXISTS `delete_body_group`;
roman_parser

#
# Trigger "write_root_chain"
#

DROP TRIGGER IF EXISTS `write_root_chain`;
roman_parser
